,precision,recall,f1-score,support
Low,1.0,0.8947368421052632,0.9444444444444444,19.0
Medium,0.8888888888888888,1.0,0.9411764705882353,16.0
High,1.0,1.0,1.0,19.0
accuracy,0.9629629629629629,0.9629629629629629,0.9629629629629629,0.9629629629629629
macro avg,0.9629629629629629,0.9649122807017544,0.9618736383442266,54.0
weighted avg,0.9670781893004116,0.9629629629629629,0.9630234809973373,54.0
