,precision,recall,f1-score,support
Low,1.0,0.9411764705882353,0.9696969696969697,17.0
Medium,0.9444444444444444,1.0,0.9714285714285714,17.0
High,1.0,1.0,1.0,10.0
accuracy,0.9772727272727273,0.9772727272727273,0.9772727272727273,0.9772727272727273
macro avg,0.9814814814814815,0.9803921568627452,0.9803751803751805,44.0
weighted avg,0.9785353535353536,0.9772727272727273,0.9772530499803227,44.0
