,precision,recall,f1-score,support
Low,1.0,1.0,1.0,10.0
Medium,0.7777777777777778,0.7,0.7368421052631579,10.0
High,0.7272727272727273,0.8,0.7619047619047619,10.0
accuracy,0.8333333333333334,0.8333333333333334,0.8333333333333334,0.8333333333333334
macro avg,0.8350168350168351,0.8333333333333334,0.8329156223893066,30.0
weighted avg,0.8350168350168351,0.8333333333333334,0.8329156223893065,30.0
