,precision,recall,f1-score,support
Low,1.0,1.0,1.0,5.0
Medium,0.9166666666666666,0.8461538461538461,0.88,13.0
High,0.8181818181818182,0.9,0.8571428571428571,10.0
accuracy,0.8928571428571429,0.8928571428571429,0.8928571428571429,0.8928571428571429
macro avg,0.9116161616161617,0.9153846153846154,0.9123809523809524,28.0
weighted avg,0.8963744588744588,0.8928571428571429,0.8932653061224488,28.0
